"UID","Name","DOI","Citation","Rights","More Information","Data generalisations","Information withheld","Download limit","Number of Records in Download"
"dp58","Amphibian and Reptile Conservation","","Records provided by Amphibian and Reptile Conservation, accessed through NBN Atlas website.","","For more information:  email enquiries@arc-trust.org, or https://registry.nbnatlas.org/public/show/dp58","","","","3"
"dp57","Bat Conservation Trust","","Records provided by Bat Conservation Trust, accessed through NBN Atlas website.","","For more information:  email enquiries@bats.org.uk, or https://registry.nbnatlas.org/public/show/dp57","","","","106"
"dp56","Royal Horticultural Society","","Records provided by Royal Horticultural Society, accessed through NBN Atlas website.","","For more information:  email membership@rhs.org.uk, or https://registry.nbnatlas.org/public/show/dp56","","","","32"
"dr1372","BTO First Atlas of Breeding Birds in Britain and Ireland: 1968-1972.","doi:10.15468/cfigc5","Records provided by BTO First Atlas of Breeding Birds in Britain and Ireland: 1968-1972., accessed through NBN Atlas website.","Creative Commons, with Attribution, Non-commercial v4.0 (CC-BY-NC) CC-BY-NC","For more information:  https://registry.nbnatlas.org/public/show/dr1372","","","","75"
"dr470","RSPB Big Garden Birdwatch winter sightings in the UK in 2008","doi:10.15468/mgkb2w","Data reproduced with the permission of RSPB","Creative Commons with Attribution 4.0 (CC-BY) CC-BY","For more information:  email dataunit@rspb.org.uk, or https://registry.nbnatlas.org/public/show/dr470","","","","236"
"dp167","British Mycological Society","","Records provided by British Mycological Society, accessed through NBN Atlas website.","","For more information:  email frdbi@britmycolsoc.info, or https://registry.nbnatlas.org/public/show/dp167","","","","102"
"dr1135","Stonefly (Plecoptera) records from Britain and Ireland, via iRecord","doi:10.15468/ptw1tt","Records provided by Stonefly (Plecoptera) records from Britain and Ireland, via iRecord, accessed through NBN Atlas website.","Creative Commons, with Attribution, Non-commercial v4.0 (CC-BY-NC) CC BY-NC
      		Creative Commons Attribution Non-Commercial","For more information:  https://registry.nbnatlas.org/public/show/dr1135","","","","1"
"dr741","Database for the Atlas of Freshwater Fishes","doi:10.15468/3wfao2","Records provided by Database for the Atlas of Freshwater Fishes, accessed through NBN Atlas website.","Creative Commons with Attribution 4.0 (CC-BY) CC-BY","For more information:  email brc@ceh.ac.uk, or https://registry.nbnatlas.org/public/show/dr741","","","","46"
"dr340","Standing Waters Database - Scotland","doi:10.15468/iwllx8","Records provided by Standing Waters Database - Scotland, accessed through NBN Atlas website.","Open Government Licence (OGL) OGL","For more information:  email Colin.McLeod@SNH.gov.uk, or https://registry.nbnatlas.org/public/show/dr340","","","","33"
"dr460","Bird Conservation Targeting Project (BCTP) in the UK, archived data (2001-2010) ","doi:10.15468/y4z6zz","""The following acknowledgements of copyright and database right ownership, must be included in a conspicuous position in all copies of data and outputs: """"Reproduced by permission of the Bird Conservation Targeting Project. © Bird Conservation Targeting Project, 2010 (a partnership between the British Trust for Ornithology (BTO), the Centre for Environmental Data and Recording (CEDaR), the Countryside Council for Wales (CCW), the Department of Agriculture and Rural Development (DARD), Forestry Commission England (FCE), Forestry Commission Wales (FCW), Forest Service (FS), Natural England (NE), Northern Ireland Environment Agency, the RSPB and Scottish Natural Heritage (SNH)). All rights reserved."""" 

The organisations contributing data to the project must also be acknowledged as follows: """"The Bird Conservation Targeting Project partners are grateful to the contributions of the data providers listed at www.rspb.org.uk/targeting"""", and to the many vounteers who collected these data.""","Creative Commons with Attribution 4.0 (CC-BY) CC-BY","For more information:  email dataunit@rspb.org.uk, or https://registry.nbnatlas.org/public/show/dr460","","","","50"
"dp206","OPAL","","Records provided by OPAL, accessed through NBN Atlas website.","","For more information:  email opal@imperial.ac.uk, or https://registry.nbnatlas.org/public/show/dp206","","","","1"
"dp207","Wild Surveys","","Records provided by Wild Surveys, accessed through NBN Atlas website.","","For more information:  email admin@wildsurveys.co.uk, or https://registry.nbnatlas.org/public/show/dp207","","","","4"
"dr227","Living with Mammals survey","doi:10.15468/kv7kgm","People's Trust for Endangered Species Living with Mammals survey (2019)","Creative Commons, with Attribution, Non-commercial v4.0 (CC-BY-NC) CC-BY-NC","For more information:  email emily.thomas@ptes.org, or https://registry.nbnatlas.org/public/show/dr227","","Further details and reports from the survey can be found at www.ptes.org/lwm","","22"
"dr743","Mammal records from Britain from the Atlas of Mammals (1993), with some subsequent records","doi:10.15468/1qyxis","Records provided by Mammal records from Britain from the Atlas of Mammals (1993), with some subsequent records, accessed through NBN Atlas website.","Creative Commons with Attribution 4.0 (CC-BY) CC-BY","For more information:  email brc@ceh.ac.uk, or https://registry.nbnatlas.org/public/show/dr743","","","","42"
"dr864","Big Hedgehog Map records","doi:10.15468/omvfyk","People's Trust for Endangered Species Big Hedgehog Map records (2019)","Creative Commons, with Attribution, Non-commercial v4.0 (CC-BY-NC) CC-BY-NC","For more information:  https://registry.nbnatlas.org/public/show/dr864","","Further details can be obtained from www.bighedgehogmap.org","","5"
"dp204","The Woodland Trust","","Records provided by The Woodland Trust, accessed through NBN Atlas website.","","For more information:  email conservation@woodlandtrust.org.uk, or https://registry.nbnatlas.org/public/show/dp204","","","","7"
"dr349","Reports of New Zealand Flatworms in Scotland, 1989 - 2005","doi:10.15468/6gx3pq","Records provided by Reports of New Zealand Flatworms in Scotland, 1989 - 2005, accessed through NBN Atlas website.","Open Government Licence (OGL) OGL","For more information:  email Colin.McLeod@SNH.gov.uk, or https://registry.nbnatlas.org/public/show/dr349","","","","11"
"dp205","Project Splatter","","Records provided by Project Splatter, accessed through NBN Atlas website.","","For more information:  email projectsplatter@gmail.com, or https://registry.nbnatlas.org/public/show/dp205","","","","5"
"dp1","Buglife","","Records provided by Buglife, accessed through NBN Atlas website.","","For more information:  email scotland@buglife.org.uk, or https://registry.nbnatlas.org/public/show/dp1","","","","16"
"dp43","The Wildlife Information Centre","","Records provided by The Wildlife Information Centre, accessed through NBN Atlas website.","","For more information:  email info@wildlifeinformation.co.uk, or https://registry.nbnatlas.org/public/show/dp43","","","","24"
"dp0","Royal Society for the Protection of Birds","","Records provided by Royal Society for the Protection of Birds, accessed through NBN Atlas website.","","For more information:  email Dataunit@rspb.org.uk, or https://registry.nbnatlas.org/public/show/dp0","","","","1327"
"dp2","Scottish Wildlife Trust","","Records provided by Scottish Wildlife Trust, accessed through NBN Atlas website.","","For more information:  email datarequests@scottishwildlifetrust.org.uk, or https://registry.nbnatlas.org/public/show/dp2","","","","2611"
"dp5","Scottish Environment Protection Agency","","Records provided by Scottish Environment Protection Agency, accessed through NBN Atlas website.","","For more information:  https://registry.nbnatlas.org/public/show/dp5","","","","313"
"dr1383","Wider Countryside Butterfly Scheme (WCBS)","10.15468/jgm7ci","Contains UK Butterfly Monitoring Scheme (UKBMS) data © copyright and database right Butterfly Conservation, the Centre for Ecology & Hydrology, British Trust for Ornithology, and the Joint Nature Conservation Committee","Open Government Licence (OGL)","For more information:  email brc@ceh.ac.uk, or https://registry.nbnatlas.org/public/show/dr1383","","","","56"
"dr1141","Millipede (Diplopoda) records for Britain and Ireland to 2005","doi:10.15468/27cr77","Records provided by Millipede (Diplopoda) records for Britain and Ireland to 2005, accessed through NBN Atlas website.","Creative Commons, with Attribution, Non-commercial v4.0 (CC-BY-NC) CC-BY-NC","For more information:  email brc@ceh.ac.uk, or https://registry.nbnatlas.org/public/show/dr1141","","","","2"
"dp7","Highland Biological Recording Group","","Records provided by Highland Biological Recording Group, accessed through NBN Atlas website.","","For more information:  email info@hbrg.org.uk, or https://registry.nbnatlas.org/public/show/dp7","","","","2"
"dp160","Glasgow Museums BRC","","Records provided by Glasgow Museums BRC, accessed through NBN Atlas website.","","For more information:  https://registry.nbnatlas.org/public/show/dp160","","","","160"
"dp9","Scottish Natural Heritage","","Records provided by Scottish Natural Heritage, accessed through NBN Atlas website.","","For more information:  https://registry.nbnatlas.org/public/show/dp9","","","","75"
"dp8","The Mammal Society","","Records provided by The Mammal Society, accessed through NBN Atlas website.","","For more information:  email atlas@themammalsociety.org, or https://registry.nbnatlas.org/public/show/dp8","","","","29"
"dr1266","Lacewings and allied insects records from Britain and Ireland to 1999","doi:10.15468/su1ho7","Records provided by Lacewings and allied insects records from Britain and Ireland to 1999, accessed through NBN Atlas website.","Creative Commons with Attribution 4.0 (CC-BY) CC-BY","For more information:  email brc@ceh.ac.uk, or https://registry.nbnatlas.org/public/show/dr1266","","","","1"
"dr1385","Reptiles and Amphibians Dataset","doi:10.15468/1lhrhx","Records provided by Reptiles and Amphibians Dataset, accessed through NBN Atlas website.","Creative Commons with Attribution 4.0 (CC-BY) CC-BY","For more information:  email brc@ceh.ac.uk, or https://registry.nbnatlas.org/public/show/dr1385","","","","16"
"dr695","Ladybird Survey of the UK","doi:10.15468/3kvvxb","Records provided by Ladybird Survey of the UK, accessed through NBN Atlas website.","Creative Commons with Attribution 4.0 (CC-BY) CC-BY","For more information:  email brc@ceh.ac.uk, or https://registry.nbnatlas.org/public/show/dr695","","","","25"
"dr731","Dragonfly records from the British Dragonfly Society's Dragonfly Recording Network for the period up to 2014","doi:10.15468/cuyjyi","Records provided by Dragonfly records from the British Dragonfly Society's Dragonfly Recording Network for the period up to 2014, accessed through NBN Atlas website.","Creative Commons with Attribution 4.0 (CC-BY) CC-BY","For more information:  email secretary@british-dragonflies.org.uk, or https://registry.nbnatlas.org/public/show/dr731","","","","136"
"dr1427","The Changing Flora of Glasgow: Orchid Dataset","doi:10.15468/4bbif3","Records provided by The Changing Flora of Glasgow: Orchid Dataset, accessed through NBN Atlas website.","Creative Commons, with Attribution, Non-commercial v4.0 (CC-BY-NC) CC-BY-NC","For more information:  email richard.sutcliffe@glasgowlife.org.uk, or https://registry.nbnatlas.org/public/show/dr1427","","","","36"
"dr736","UK Ladybird Survey data from iRecord","doi:10.15468/trfsfu","Records provided by UK Ladybird Survey data from iRecord, accessed through NBN Atlas website.","Creative Commons with Attribution 4.0 (CC-BY) CC BYCreative Commons Attribution","For more information:  email brc@ceh.ac.uk, or https://registry.nbnatlas.org/public/show/dr736","","","","14"
"dr859","Bryophyte data for Great Britain from the British Bryological Society held by BRC: Atlas 2014","doi:10.15468/gvqhjb","Blockeel TL, Bosanquet SDS, Hill M , Preston C (eds)
2014. Atlas of British and Irish bryophytes. Newbury: Pisces
Publications.","Creative Commons with Attribution 4.0 (CC-BY) CC-BY","For more information:  email oliver.pescott@ceh.ac.uk, or https://registry.nbnatlas.org/public/show/dr859","","Whilst this dataset is available at its full resolution as it is held on the NBN, the spatial resolution of the records of a small number of 'sensitive' species was coarsened on the creation of this NBN dataset. This applies to occurrences of Paludella squarrosa, Leiocolea rutheana and Meesia triquetra in Ireland.","","444"
"dr1309","Glasgow Museums BRC: Mammals","doi:10.15468/fphygc","Glasgow Museums BRC: Mammals (2019)","Creative Commons, with Attribution, Non-commercial v4.0 (CC-BY-NC) CC-BY-NC","For more information:  https://registry.nbnatlas.org/public/show/dr1309","","","","98"
"dr732","Caddisfly (Trichoptera) records from Britain to December 2018","doi:10.15468/aqe7ua","From the UK Caddisfly Recording Scheme dataset (2019)","Creative Commons with Attribution 4.0 (CC-BY) CC-BY","For more information:  https://registry.nbnatlas.org/public/show/dr732","","","","24"
"dr339","SNH Bat Casework records 1970-2007","doi:10.15468/ogugxm","SNH Bat Casework records 1970-2007 (2019)","Open Government Licence (OGL) OGL","For more information:  email Colin.McLeod@SNH.gov.uk, or https://registry.nbnatlas.org/public/show/dr339","","","","25"
"dr735","Sepsidae (Diptera) records from Britain and Ireland to 1985","doi:10.15468/tps7bt","Records provided by Sepsidae (Diptera) records from Britain and Ireland to 1985, accessed through NBN Atlas website.","Creative Commons with Attribution 4.0 (CC-BY) CC-BY","For more information:  email brc@ceh.ac.uk, or https://registry.nbnatlas.org/public/show/dr735","","","","2"
"dr217","Hedgehog records 2005-2006: Hogwatch and Rural Landowner surveys","doi:10.15468/67xdvh","People's Trust for Endangered Species","Creative Commons, with Attribution, Non-commercial v4.0 (CC-BY-NC) CC-BY-NC","For more information:  email emily.thomas@ptes.org, or https://registry.nbnatlas.org/public/show/dr217","","","","4"
"dp77","Biological Records Centre","","Records provided by Biological Records Centre, accessed through NBN Atlas website.","","For more information:  email brc@ceh.ac.uk, or https://registry.nbnatlas.org/public/show/dp77","","","","206"
"dp74","British Bryological Society","","Records provided by British Bryological Society, accessed through NBN Atlas website.","","For more information:  email oliver.pescott@ceh.ac.uk, or https://registry.nbnatlas.org/public/show/dp74","","","","444"
"dp71","Butterfly Conservation","","Records provided by Butterfly Conservation, accessed through NBN Atlas website.","","For more information:  email info@butterfly-conservation.org, or https://registry.nbnatlas.org/public/show/dp71","","","","2643"
"dr1276","Clyde Breeding Bird Tetrad Atlas 1985 - 1991 - sensitive species","doi:10.15468/d6mfos","Records provided by Clyde Breeding Bird Tetrad Atlas 1985 - 1991 - sensitive species, accessed through NBN Atlas website.","Creative Commons with Attribution 4.0 (CC-BY) CC-BY","For more information:  email clive.mckay@the-soc.org.uk, or https://registry.nbnatlas.org/public/show/dr1276","","","","9"
"dr1156","BTO Second Atlas of Breeding Birds in Britain and Ireland: 1988-1991.","doi:10.15468/cisnhd","Records provided by BTO Second Atlas of Breeding Birds in Britain and Ireland: 1988-1991., accessed through NBN Atlas website.","Creative Commons, with Attribution, Non-commercial v4.0 (CC-BY-NC) CC-BY-NC","For more information:  https://registry.nbnatlas.org/public/show/dr1156","","","","264"
"dr2001","TWIC/British Arachnological Society - Scottish Spider Search","","TWIC/British Arachnological Society - Scottish Spider Search, TWIC (2019)","Creative Commons, with Attribution, Non-commercial v4.0 (CC-BY-NC)","For more information:  https://registry.nbnatlas.org/public/show/dr2001","","","","1"
"dp187","Scotland's Environment Web","","Records provided by Scotland's Environment Web, accessed through NBN Atlas website.","","For more information:  https://registry.nbnatlas.org/public/show/dp187","","","","3"
"dp222","Silphidae Recording Scheme","","Records provided by Silphidae Recording Scheme, accessed through NBN Atlas website.","","For more information:  https://registry.nbnatlas.org/public/show/dp222","","","","3"
"dr763","Casual records for Scottish Wildlife Trust reserves - Unassessed data","doi:10.15468/mg34jv","Casual records for Scottish Wildlife Trust reserves - Unassessed data, SWT (2020)","Creative Commons with Attribution 4.0 (CC-BY) CC-BY","For more information:  email rsiller@scottishwildlifetrust.org.uk, or https://registry.nbnatlas.org/public/show/dr763","","","","8"
"dr1713","OPAL New Zealand Flatworm Survey - flatworm sightings","doi:10.15468/p2nvb2","Records provided by OPAL New Zealand Flatworm Survey - flatworm sightings, accessed through NBN Atlas website.","Creative Commons, with Attribution, Non-commercial v4.0 (CC-BY-NC)","For more information:  https://registry.nbnatlas.org/public/show/dr1713","","For more information regarding this dataset and the OPAL New Zealand Flatworm Survey, please contact OPAL using the details listed herein.","","1"
"dr880","Fungal Records Database of Britain and Ireland","doi:10.15468/ietmop","Records provided by Fungal Records Database of Britain and Ireland, accessed through NBN Atlas website.","Creative Commons, with Attribution, Non-commercial v4.0 (CC-BY-NC) CC-BY-NC","For more information:  https://registry.nbnatlas.org/public/show/dr880","","","","102"
"dr528","Birds (BTO+Partners)","","Records provided by Birds (BTO+Partners), accessed through NBN Atlas website.","Creative Commons, with Attribution, Non-commercial v4.0 (CC-BY-NC)","For more information:  https://registry.nbnatlas.org/public/show/dr528","","","","47270"
"dp228","Amphibian and Reptile Groups of the UK","","Records provided by Amphibian and Reptile Groups of the UK, accessed through NBN Atlas website.","","For more information:  https://registry.nbnatlas.org/public/show/dp228","","","","222"
"dr1959","Glasgow Museums BRC: Ladybirds","","Glasgow Museums BRC: Ladybirds (2019)","Creative Commons, with Attribution, Non-commercial v4.0 (CC-BY-NC)","For more information:  https://registry.nbnatlas.org/public/show/dr1959","","","","15"
"dp229","Weevil and Bark Beetle Recording Scheme","","Records provided by Weevil and Bark Beetle Recording Scheme, accessed through NBN Atlas website.","","For more information:  https://registry.nbnatlas.org/public/show/dp229","","","","1"
"dr529","Non-avian taxa (BTO+partners)","doi:10.15468/2m9nxa","Records provided by Non-avian taxa (BTO+partners), accessed through NBN Atlas website.","Creative Commons, with Attribution, Non-commercial v4.0 (CC-BY-NC)","For more information:  https://registry.nbnatlas.org/public/show/dr529","","","","1304"
"dr766","Survey and monitoring records for Scottish Wildlife Trust reserves from reserve convenors and Trust volunteers - Verified data","doi:10.15468/yyd4b9","Survey and monitoring records for Scottish Wildlife Trust reserves from reserve convenors and Trust volunteers - Verified data, SWT (2020)","Creative Commons with Attribution 4.0 (CC-BY) CC-BY","For more information:  email rsiller@scottishwildlifetrust.org.uk, or https://registry.nbnatlas.org/public/show/dr766","","","","190"
"dr765","Commissioned surveys and staff surveys and reports for Scottish Wildlife Trust reserves - Verified data","doi:10.15468/a6snhl","Commissioned surveys and staff surveys and reports for Scottish Wildlife Trust reserves - Verified data, SWT (2020)","Creative Commons with Attribution 4.0 (CC-BY) CC-BY","For more information:  email rsiller@scottishwildlifetrust.org.uk, or https://registry.nbnatlas.org/public/show/dr765","","","","1912"
"dr767","Survey and monitoring records for Scottish Wildlife Trust reserves from reserve convenors and Trust volunteers - Unassessed data","doi:10.15468/jxrydj","Survey and monitoring records for Scottish Wildlife Trust reserves from reserve convenors and Trust volunteers - Unassessed data, SWT (2020)","Creative Commons with Attribution 4.0 (CC-BY) CC-BY","For more information:  email rsiller@scottishwildlifetrust.org.uk, or https://registry.nbnatlas.org/public/show/dr767","","","","4"
"dr919","Field Survey","doi:10.15468/pmhdwn","Bat Conservation Trust Field Survey (2018)","Creative Commons with Attribution 4.0 (CC-BY) CC-BY","For more information:  email pbriggs@bats.org.uk, or https://registry.nbnatlas.org/public/show/dr919","","","","46"
"dp180","Froglife","","Records provided by Froglife, accessed through NBN Atlas website.","","For more information:  email info@froglife.org, or https://registry.nbnatlas.org/public/show/dp180","","","","1"
"dr481","Butterfly distributions for Scotland  from Butterfly Conservation and the Biological Records Centre","doi:10.15468/tqf8z3","Butterfly distribution data from the Butterflies for the New Millennium recording scheme, courtesy of Butterfly Conservation and the Biological Records Centre.","Creative Commons, with Attribution, Non-commercial v4.0 (CC-BY-NC) CC-BY-NC","For more information:  email rfox@butterfly-conservation.org, or https://registry.nbnatlas.org/public/show/dr481","","","","2624"
"dr2014","Record Pool","doi:10.15468/zen1gd","Record Pool, ARG UK (2019)","Creative Commons, with Attribution, Non-commercial v4.0 (CC-BY-NC)","For more information:  https://registry.nbnatlas.org/public/show/dr2014","","","","222"
"dr475","Swift Inventory of Low-Level Screaming Parties in the UK, 2009-2014","doi:10.15468/peedv8","Data reproduced with the permission of RSPB","Creative Commons with Attribution 4.0 (CC-BY) CC-BY","For more information:  email dataunit@rspb.org.uk, or https://registry.nbnatlas.org/public/show/dr475","","","","5"
"dr753","BLS Mapping Scheme dataset, 1750-2009","doi:10.15468/glbi05","Records provided by BLS Mapping Scheme dataset, 1750-2009, accessed through NBN Atlas website.","Creative Commons with Attribution 4.0 (CC-BY) CC-BY","For more information:  email datamanager@britishlichensociety.org.uk, or https://registry.nbnatlas.org/public/show/dr753","","","","133"
"dp178","Natural Apptitude","","Records provided by Natural Apptitude, accessed through NBN Atlas website.","","For more information:  email info@natural-apptitude.co.uk, or https://registry.nbnatlas.org/public/show/dp178","","","","7"
"dr236","NARRS Data 2007 - 2013","","Amphibian and Reptile Conservation Trust, 2016.","Creative Commons, with Attribution, Non-commercial v4.0 (CC-BY-NC) CC-BY-NC","For more information:  email johnw.wilkinson@arc-trust.org, or https://registry.nbnatlas.org/public/show/dr236","","","","3"
"dr477","RSPB Big Garden Birdwatch winter sightings in the UK in 2009","doi:10.15468/jgbsaa","Data reproduced with the permission of RSPB","Creative Commons with Attribution 4.0 (CC-BY) CC-BY","For more information:  email dataunit@rspb.org.uk, or https://registry.nbnatlas.org/public/show/dr477","","","","1014"
"dr230","River macroinvertebrate data for 2005 and 2006","doi:10.15468/knxcqi","Scottish Environment Protection Agency 2015, licensed under the Open Government Licence v3.0","Open Government Licence (OGL) OGL","For more information:  email cathy.bennett@sepa.org.uk, or https://registry.nbnatlas.org/public/show/dr230","","","","313"
"dr353","The BCT/MTUK Bats & Roadside Mammals Survey","doi:10.15468/39vba0","Bat Conservation Trust - National Bat Monitoring Programme","Creative Commons with Attribution 4.0 (CC-BY) CC-BY","For more information:  email pbriggs@bats.org.uk, or https://registry.nbnatlas.org/public/show/dr353","","","","34"
"dr1206","UK Butterfly Monitoring Scheme (UKBMS)","10.15468/gmqvmk","Contains UK Butterfly Monitoring Scheme (UKBMS) data © copyright and database right Butterfly Conservation, the Centre for Ecology & Hydrology, British Trust for Ornithology, and the Joint Nature Conservation Committee.","Open Government Licence (OGL)","For more information:  email brc@ceh.ac.uk, or https://registry.nbnatlas.org/public/show/dr1206","","","","1976"
"dr237","Hedgehog Hibernation Survey records","doi:10.15468/6ncy5o","People's Trust for Endangered Species","Creative Commons, with Attribution, Non-commercial v4.0 (CC-BY-NC) CC-BY-NC","For more information:  email emily.thomas@ptes.org, or https://registry.nbnatlas.org/public/show/dr237","","","","1"
"dr878","Waterway Survey","doi:10.15468/csxv5i","Bat Conservation Trust Waterway Survey (2019)","Creative Commons with Attribution 4.0 (CC-BY) CC-BY","For more information:  email pbriggs@bats.org.uk, or https://registry.nbnatlas.org/public/show/dr878","","","","21"
"dr949","The Scottish Squirrel Database","doi:10.15468/fqg0h3","Records provided by The Scottish Squirrel Database, accessed through NBN Atlas website.","Creative Commons with Attribution 4.0 (CC-BY) CC-BY","For more information:  email rsiller@scottishwildlifetrust.org.uk, or https://registry.nbnatlas.org/public/show/dr949","","","","67"
"dp97","British Dragonfly Society Recording Scheme","","Records provided by British Dragonfly Society Recording Scheme, accessed through NBN Atlas website.","","For more information:  email secretary@british-dragonflies.org.uk, or https://registry.nbnatlas.org/public/show/dp97","","","","136"
"dp91","Botanical Society of Britain & Ireland","","Records provided by Botanical Society of Britain & Ireland, accessed through NBN Atlas website.","","For more information:  email enquiries@bsbi.org, or https://registry.nbnatlas.org/public/show/dp91","","","","9247"
"dr2140","Bee, wasp and ant (Hymenoptera: Aculeata) records verified via iRecord","","Biological Records Centre. [Date downloaded]. Bee, wasp and ant (Hymenoptera: Aculeata) records verified via iRecord.","Creative Commons with Attribution 4.0 (CC-BY) CC BY
      		Creative Commons Attribution","For more information:  https://registry.nbnatlas.org/public/show/dr2140","","","","9"
"dr1573","Big Bluebell Watch 2017","","Records provided by Big Bluebell Watch 2017, accessed through NBN Atlas website.","Creative Commons, with Attribution, Non-commercial v4.0 (CC-BY-NC) If use of this dataset forms part of a large funding bid, please speak to us in advance. Data sharing statement that participants were made aware of before submitting data: If you supply the Woodland Trust with scientific or environmental records e.g. as part of a citizen science or volunteer project, they will be carefully stored by us and/or our project partners. Such records may include, for example, species information, location, dates and species photographs. Scientific data sharing helps to further research, education and our national understanding of biodiversity and conservation issues. Hence anonymised scientific data may be shared with project partners and third parties such as the National Biodiversity Network, academic researchers and students. In some circumstances such scientific data may be sold, but the income will be directly used to support the running cost of these data-gathering projects. By submitting your scientific or environmental records you are indicating agreement with our approach.","For more information:  https://registry.nbnatlas.org/public/show/dr1573","The date refers to the date that the record was entered, NOT the date it was seen.","If use of this dataset forms part of a large funding bid, please speak to us in advance. Data sharing statement that participants were made aware of before submitting data: If you supply the Woodland Trust with scientific or environmental records e.g. as part of a citizen science or volunteer project, they will be carefully stored by us and/or our project partners. Such records may include, for example, species information, location, dates and species photographs. Scientific data sharing helps to further research, education and our national understanding of biodiversity and conservation issues. Hence anonymised scientific data may be shared with project partners and third parties such as the National Biodiversity Network, academic researchers and students. In some circumstances such scientific data may be sold, but the income will be directly used to support the running cost of these data-gathering projects. By submitting your scientific or environmental records you are indicating agreement with our approach.","","6"
"dr1973","Glasgow Museums BRC: Carabidae","","Glasgow Museums BRC: Carabidae (2019)","Creative Commons, with Attribution, Non-commercial v4.0 (CC-BY-NC)","For more information:  https://registry.nbnatlas.org/public/show/dr1973","","","","6"
"dr1853","Big Bluebell Watch 2018","doi:10.15468/zyc4ec","Big Bluebell Watch (2018)","Creative Commons, with Attribution, Non-commercial v4.0 (CC-BY-NC) Held by Woodland Trust on behalf of citizen science participants","For more information:  https://registry.nbnatlas.org/public/show/dr1853","","If use of this dataset forms part of a large funding bid, please speak to us in advance. Data sharing statement that participants were made aware of before submitting data: If you supply the Woodland Trust with scientific or environmental records e.g. as part of a citizen science or volunteer project, they will be carefully stored by us and/or our project partners. Such records may include, for example, species information, location, dates and species photographs. Scientific data sharing helps to further research, education and our national understanding of biodiversity and conservation issues. Hence anonymised scientific data may be shared with project partners and third parties such as the National Biodiversity Network, academic researchers and students. In some circumstances such scientific data may be sold, but the income will be directly used to support the running cost of these data-gathering projects. By submitting your scientific or environmental records you are indicating agreement with our approach.","","1"
"dr1850","Silphidae Recording Scheme - data verified via iRecord","","Records provided by Silphidae Recording Scheme - data verified via iRecord, accessed through NBN Atlas website.","Creative Commons with Attribution 4.0 (CC-BY) CC BY
      		Creative Commons Attribution","For more information:  https://registry.nbnatlas.org/public/show/dr1850","","","","3"
"dr665","Mollusc (non-marine): Compilation of records of rare and scarce species for Great Britain and Northern Ireland","doi:10.15468/e9fnjh","Records provided by Mollusc (non-marine): Compilation of records of rare and scarce species for Great Britain and Northern Ireland, accessed through NBN Atlas website.","Creative Commons, with Attribution, Non-commercial v4.0 (CC-BY-NC) CC-BY-NC","For more information:  email secretary@conchsoc.org, or https://registry.nbnatlas.org/public/show/dr665","","","","4"
"dp124","Balfour-Browne Club","","Records provided by Balfour-Browne Club, accessed through NBN Atlas website.","","For more information:  email latissimus@btinternet.com, or https://registry.nbnatlas.org/public/show/dp124","","","","34"
"dr780","Casual records for Scottish Wildlife Trust reserves - Verified data","doi:10.15468/zeay1d","Casual records for Scottish Wildlife Trust reserves - Verified data (2020)","Creative Commons with Attribution 4.0 (CC-BY) CC-BY","For more information:  email rsiller@scottishwildlifetrust.org.uk, or https://registry.nbnatlas.org/public/show/dr780","","","","53"
"dr1975","Glasgow Museums BRC: Chrysomelidae","","Glasgow Museums BRC: Chrysomelidae (2019)","Creative Commons, with Attribution, Non-commercial v4.0 (CC-BY-NC) Glasgow Life","For more information:  https://registry.nbnatlas.org/public/show/dr1975","","","","4"
"dr1976","Glasgow Museums BRC: Hemiptera","","Glasgow Museums BRC: Hemiptera (2019)","Creative Commons, with Attribution, Non-commercial v4.0 (CC-BY-NC) Glasgow Life","For more information:  https://registry.nbnatlas.org/public/show/dr1976","","","","1"
"dr945","Hibernation Survey","doi:10.15468/vma6kb","Bat Conservation Trust - National Bat Monitoring Programme - Hibernation Survey (2018)","Creative Commons with Attribution 4.0 (CC-BY) CC-BY","For more information:  email pbriggs@bats.org.uk, or https://registry.nbnatlas.org/public/show/dr945","","","","1"
"dr1619","Wild Surveys Common Pip Records","","Records provided by Wild Surveys Common Pip Records, accessed through NBN Atlas website.","Creative Commons with Attribution 4.0 (CC-BY)","For more information:  https://registry.nbnatlas.org/public/show/dr1619","","","","3"
"dr1616","Wild Surveys Badger Records","","Records provided by Wild Surveys Badger Records, accessed through NBN Atlas website.","Creative Commons with Attribution 4.0 (CC-BY)","For more information:  https://registry.nbnatlas.org/public/show/dr1616","","Please check www.wildsurveys.co.uk for additional information","","1"
"dr706","Orthoptera and Allied Insects of the British Isles data from iRecord","doi:10.15468/lyafx9","Orthoptera Recording Scheme ([date of download]) Orthoptera and Allied Insects of the British Isles data from iRecord.","Creative Commons with Attribution 4.0 (CC-BY) CC BY
      		Creative Commons Attribution","For more information:  https://registry.nbnatlas.org/public/show/dr706","","","","1"
"dr942","David Dodds Associates Ltd - Species Records","doi:10.15468/ie4asf","David Dodds Associates Ltd - Species Records, TWIC (2019)","Creative Commons, with Attribution, Non-commercial v4.0 (CC-BY-NC) CC-BY-NC","For more information:  email admin@wildlifeinformation.co.uk, or https://registry.nbnatlas.org/public/show/dr942","","","","23"
"dr789","Macro-moth distribution records for the UK for the period pre 2000 from Butterfly Conservation","doi:10.15468/xnm1lw","Records provided by Macro-moth distribution records for the UK for the period pre 2000 from Butterfly Conservation, accessed through NBN Atlas website.","Creative Commons, with Attribution, Non-commercial v4.0 (CC-BY-NC) CC-BY-NC","For more information:  email rfox@butterfly-conservation.org, or https://registry.nbnatlas.org/public/show/dr789","","","","19"
"dp87","Joint Nature Conservation Committee","","Records provided by Joint Nature Conservation Committee, accessed through NBN Atlas website.","","For more information:  https://registry.nbnatlas.org/public/show/dp87","","","","3"
"dp86","Grasshopper Recording Scheme","","Records provided by Grasshopper Recording Scheme, accessed through NBN Atlas website.","","For more information:  email orthoptera@ceh.ac.uk, or https://registry.nbnatlas.org/public/show/dp86","","","","1"
"dr1187","PlantTracker data from 2012 onwards","doi:10.15468/8y4bie","Records provided by PlantTracker data from 2012 onwards, accessed through NBN Atlas website.","Creative Commons, with Attribution, Non-commercial v4.0 (CC-BY-NC) CC BY-NC
      		Creative Commons Attribution Non-Commercial","For more information:  https://registry.nbnatlas.org/public/show/dr1187","","","","7"
"dr654","Scottish SNH-funded BSBI records","doi:10.15468/llasrt","Records provided by Scottish SNH-funded BSBI records, accessed through NBN Atlas website.","Creative Commons, with Attribution, Non-commercial v4.0 (CC-BY-NC)","For more information:  https://registry.nbnatlas.org/public/show/dr654","","","","6019"
"dr890","HBRG Fungus, Lichen & Lower Plants Dataset","doi:10.15468/rt48my","HBRG Fungus, Lichen & Lower Plants Dataset (2019)","Creative Commons with Attribution 4.0 (CC-BY) CC-BY","For more information:  email records@hbrg.org.uk, or https://registry.nbnatlas.org/public/show/dr890","","","","1"
"dr1348","Non-native-bird records from county bird reports, 1995-2009","doi:10.15468/6dlwsx","Records provided by Non-native-bird records from county bird reports, 1995-2009, accessed through NBN Atlas website.","Creative Commons, with Attribution, Non-commercial v4.0 (CC-BY-NC) CC-BY-NC","For more information:  https://registry.nbnatlas.org/public/show/dr1348","","","","2"
"dr495","Scotland Otter Survey Database","doi:10.15468/ahkeiw","Records provided by Scotland Otter Survey Database, accessed through NBN Atlas website.","Open Government Licence (OGL) OGL","For more information:  https://registry.nbnatlas.org/public/show/dr495","","","","3"
"dr1628","UK Roadkill Records","doi:10.15468/r3xakd","Records provided by UK Roadkill Records, accessed through NBN Atlas website.","Creative Commons, with Attribution, Non-commercial v4.0 (CC-BY-NC)","For more information:  https://registry.nbnatlas.org/public/show/dr1628","Project Splatter has been actively collecting roadkill records since the beginning of 2013, but some records may fall before this. Records before 2013 will only be sporadic records, however. The majority of records have an exact date of that the animal was found on (DD/MM/YYYY). Some records, however, do not have a date associated with the record. In these instances, the cell is left blank.","Additional information about the Project, and links to social media pages, can be found at www.projectsplatter.co.uk . Project Splatter is also available to answer any questions about the database.","","5"
"dr1507","Mosquito Recording Scheme","","Records provided by Mosquito Recording Scheme, accessed through NBN Atlas website.","Creative Commons with Attribution 4.0 (CC-BY) CC-BY","For more information:  email brc@ceh.ac.uk, or https://registry.nbnatlas.org/public/show/dr1507","","","","1"
"dp235","UK Butterfly Monitoring Scheme","","Records provided by UK Butterfly Monitoring Scheme, accessed through NBN Atlas website.","","For more information:  email ukbms@ceh.ac.uk, or https://registry.nbnatlas.org/public/show/dp235","","","","2032"
"dr535","Invasive Non-native species data in the Clyde catchment, collated by Central Scotland Forest Trust","doi:10.15468/l6jkeo","Records provided by Invasive Non-native species data in the Clyde catchment, collated by Central Scotland Forest Trust, accessed through NBN Atlas website.","Creative Commons Zero v1.0 (CC0) CC0","For more information:  email emilie.wadsworth@csgnt.org.uk, or https://registry.nbnatlas.org/public/show/dr535","","","","27"
"dr655","Other BSBI Scottish data up to 2014","doi:10.15468/2dohar","Records provided by Other BSBI Scottish data up to 2014, accessed through NBN Atlas website.","Creative Commons, with Attribution, Non-commercial v4.0 (CC-BY-NC)","For more information:  https://registry.nbnatlas.org/public/show/dr655","","","","3228"
"dr536","South Lanarkshire peatland records 2013","doi:10.15468/ne9wgl","Records provided by South Lanarkshire peatland records 2013, accessed through NBN Atlas website.","Creative Commons Zero v1.0 (CC0) CC0","For more information:  email emilie.wadsworth@csgnt.org.uk, or https://registry.nbnatlas.org/public/show/dr536","","","","92"
"dp117","Conchological Society of Great Britain & Ireland","","Records provided by Conchological Society of Great Britain & Ireland, accessed through NBN Atlas website.","","For more information:  https://registry.nbnatlas.org/public/show/dp117","","","","81"
"dp36","National Trust for Scotland","","Records provided by National Trust for Scotland, accessed through NBN Atlas website.","","For more information:  https://registry.nbnatlas.org/public/show/dp36","","","","362"
"dp35","People's Trust for Endangered Species","","Records provided by People's Trust for Endangered Species, accessed through NBN Atlas website.","","For more information:  email enquiries@ptes.org, or https://registry.nbnatlas.org/public/show/dp35","","","","32"
"dp30","British Lichen Society","","Records provided by British Lichen Society, accessed through NBN Atlas website.","","For more information:  https://registry.nbnatlas.org/public/show/dp30","","","","593"
"dr1231","Clyde Breeding Bird Tetrad Atlas 1985 - 1991 - non-sensitive species","doi:10.15468/bbfikt","Records provided by Clyde Breeding Bird Tetrad Atlas 1985 - 1991 - non-sensitive species, accessed through NBN Atlas website.","Creative Commons with Attribution 4.0 (CC-BY) CC-BY","For more information:  email clive.mckay@the-soc.org.uk, or https://registry.nbnatlas.org/public/show/dr1231","","","","946"
"dp143","Scottish Ornithologists' Club, The","","Records provided by Scottish Ornithologists' Club, The, accessed through NBN Atlas website.","","For more information:  email mail@the-soc.org.uk, or https://registry.nbnatlas.org/public/show/dp143","","","","955"
"dr685","Coccinellidae Data","doi:10.15468/6yuxsd","Records provided by Coccinellidae Data, accessed through NBN Atlas website.","Creative Commons with Attribution 4.0 (CC-BY) CC-BY","For more information:  email brc@ceh.ac.uk, or https://registry.nbnatlas.org/public/show/dr685","","","","2"
"dr1237","BTO First Atlas of Wintering Birds in Britain and Ireland: 1981/82-1983/84.","doi:10.15468/huodzs","Records provided by BTO First Atlas of Wintering Birds in Britain and Ireland: 1981/82-1983/84., accessed through NBN Atlas website.","Creative Commons, with Attribution, Non-commercial v4.0 (CC-BY-NC) CC-BY-NC","For more information:  https://registry.nbnatlas.org/public/show/dr1237","","","","79"
"dr686","Water Beetle Surveys from Britain and Ireland","doi:10.15468/npcgrp","Records provided by Water Beetle Surveys from Britain and Ireland, accessed through NBN Atlas website.","Creative Commons Zero v1.0 (CC0) CC0","For more information:  email Latissimus@btopenworld.com, or https://registry.nbnatlas.org/public/show/dr686","","","","34"
"dr681","National Trust for Scotland Species Records","doi:10.15468/a5y1cz","National Trust for Scotland Species Records, NTS (2019)","Creative Commons with Attribution 4.0 (CC-BY) CC-BY","For more information:  https://registry.nbnatlas.org/public/show/dr681","","Any queries for additional information should be directed to biologicalrecords@nts.org.uk","","362"
"dr683","Cranefly (Diptera; Tipuloidea) records for Britain to 2016","doi:10.15468/wggm3t","Records provided by Cranefly (Diptera; Tipuloidea) records for Britain to 2016, accessed through NBN Atlas website.","Creative Commons with Attribution 4.0 (CC-BY) CC-BY","For more information:  email brc@ceh.ac.uk, or https://registry.nbnatlas.org/public/show/dr683","","","","12"
"dr440","Swift Inventory of Nest Sites in the UK, 2009-2014","doi:10.15468/3es6ec","Data reproduced with the permission of RSPB","Creative Commons with Attribution 4.0 (CC-BY) CC-BY","For more information:  email dataunit@rspb.org.uk, or https://registry.nbnatlas.org/public/show/dr440","","","","3"
"dr329","New Zealand Flatworm (Arthurdendyus triangulatus) records for Scotland 2008-2014","doi:10.15468/7rlf4q","Records provided by New Zealand Flatworm (Arthurdendyus triangulatus) records for Scotland 2008-2014, accessed through NBN Atlas website.","Open Government Licence (OGL) OGL","For more information:  email Colin.McLeod@SNH.gov.uk, or https://registry.nbnatlas.org/public/show/dr329","","","","1"
"dr1916","Weevil and Bark Beetle Recording Scheme - data verified via iRecord","","Records provided by Weevil and Bark Beetle Recording Scheme - data verified via iRecord, accessed through NBN Atlas website.","Creative Commons with Attribution 4.0 (CC-BY) CC BY
      		Creative Commons Attribution","For more information:  https://registry.nbnatlas.org/public/show/dr1916","","","","1"
"dp39","Central Scotland Green Network Trust","","Records provided by Central Scotland Green Network Trust, accessed through NBN Atlas website.","","For more information:  email contact@csgnt.org.uk, or https://registry.nbnatlas.org/public/show/dp39","","","","119"
"dr449","Bird Conservation Targeting Project (BCTP) in the UK, 2006-2011","doi:10.15468/mep71d","""The following acknowledgements of copyright and database right ownership, must be included in a conspicuous position in all copies of data and outputs: """"Reproduced by permission of the Bird Conservation Targeting Project. © Bird Conservation Targeting Project, 2010 (a partnership between the British Trust for Ornithology (BTO), the Centre for Environmental Data and Recording (CEDaR), the Countryside Council for Wales (CCW), the Department of Agriculture and Rural Development (DARD), Forestry Commission England (FCE), Forestry Commission Wales (FCW), Forest Service (FS), Natural England (NE), Northern Ireland Environment Agency, the RSPB and Scottish Natural Heritage (SNH)). All rights reserved."""" 

The organisations contributing data to the project must also be acknowledged as follows: """"The Bird Conservation Targeting Project partners are grateful to the contributions of the data providers listed at www.rspb.org.uk/targeting"""", and to the many vounteers who collected these data.""","Creative Commons with Attribution 4.0 (CC-BY) CC-BY","For more information:  email dataunit@rspb.org.uk, or https://registry.nbnatlas.org/public/show/dr449","","","","19"
"dp149","Riverfly Recording Schemes","","Records provided by Riverfly Recording Schemes, accessed through NBN Atlas website.","","For more information:  https://registry.nbnatlas.org/public/show/dp149","","","","2"
"dr965","HBRG Insects Dataset","doi:10.15468/u1p4wc","HBRG Insects Dataset, HBRG (2019)","Creative Commons with Attribution 4.0 (CC-BY) CC-BY","For more information:  email records@hbrg.org.uk, or https://registry.nbnatlas.org/public/show/dr965","","","","1"
"dr1364","Invasive non-native species records from SEWeb","","Records provided by Invasive non-native species records from SEWeb, accessed through NBN Atlas website.","Open Government Licence (OGL) OGL
      		Open Government Licence","For more information:  https://registry.nbnatlas.org/public/show/dr1364","","","","3"
"dr1363","Invertebrate records from sites that are mainly across Scotland","doi:10.15468/aaxvmc","Invertebrate records from sites that are mainly across Scotland, Buglife (2020)","Creative Commons, with Attribution, Non-commercial v4.0 (CC-BY-NC) CC-BY-NC","For more information:  https://registry.nbnatlas.org/public/show/dr1363","Records from various invertebrtae surveys from 2000. Data set includes historic records of Glow worm and Oil beetles from across Scotland dating from 1869.","","","16"
"dr1643","SNH Bat Casework Recording log 2014","","Records provided by SNH Bat Casework Recording log 2014, accessed through NBN Atlas website.","Open Government Licence (OGL)","For more information:  https://registry.nbnatlas.org/public/show/dr1643","The records in this dataset date from 2014. All records have a full date (YYYY-MM-DD). Some roosts may have been visited on more than one occasion during the year; in these cases, a date range of first and last visits is given.","Due to risk of disturbance at potential roosts/hibernacula, and to avoid identifying individual private dwellings, locations are restricted to 1 km2 resolution for public release. This sensitive information may be made available under licence to specific organisations and individuals that need to know to avoid harm to the environment. House names/numbers identifying private dwellings have been removed from the site names, where given.","","2"
"dr1644","SNH Bat Casework Recording log 2015","","Records provided by SNH Bat Casework Recording log 2015, accessed through NBN Atlas website.","Open Government Licence (OGL)","For more information:  https://registry.nbnatlas.org/public/show/dr1644","The records in this dataset date from 2015. All records have a full date (YYYY-MM-DD). Some roosts may have been visited on more than one occasion during the year; in these cases, a date range of first and last visits is given.","Due to risk of disturbance at potential roosts/hibernacula, and to avoid identifying individual private dwellings, locations are restricted to 1 km2 resolution for public release. This sensitive information may be made available under licence to specific organisations and individuals that need to know to avoid harm to the environment. House names/numbers identifying private dwellings have been removed from the site names, where given.","","2"
"dr830","BLS Lichen Database: Scotland 1700-2016","doi:10.15468/tbig5c","Records provided by BLS Lichen Database: Scotland 1700-2016, accessed through NBN Atlas website.","Creative Commons with Attribution 4.0 (CC-BY) CC-BY","For more information:  email datamanager@britishlichensociety.org.uk, or https://registry.nbnatlas.org/public/show/dr830","","","","460"
"dr676","Mollusc (non-marine): 1999 Atlas Dataset  for Great Britain and Ireland","doi:10.15468/gbawsj","Records provided by Mollusc (non-marine): 1999 Atlas Dataset  for Great Britain and Ireland, accessed through NBN Atlas website.","Creative Commons, with Attribution, Non-commercial v4.0 (CC-BY-NC) CC-BY-NC","For more information:  email secretary@conchsoc.org, or https://registry.nbnatlas.org/public/show/dr676","","","","54"
"dr793","Commissioned surveys and staff surveys and reports for Scottish Wildlife Trust reserves - Unassessed data","doi:10.15468/dfwjgc","Commissioned surveys and staff surveys and reports for Scottish Wildlife Trust reserves - Unassessed data, SWT (2020)","Creative Commons with Attribution 4.0 (CC-BY) CC-BY","For more information:  email rsiller@scottishwildlifetrust.org.uk, or https://registry.nbnatlas.org/public/show/dr793","","","","377"
"dr1128","Amphibian and reptile records for Great Britain 2016-2017","doi:10.15468/niyja0","Records provided by Amphibian and reptile records for Great Britain 2016-2017, accessed through NBN Atlas website.","Creative Commons, with Attribution, Non-commercial v4.0 (CC-BY-NC) CC-BY-NC","For more information:  email laurence.jarvis@froglife.org, or https://registry.nbnatlas.org/public/show/dr1128","","Access to this dataset is restricted for the following reasons. Some of the information held within this dataset related to species that are vulnerable to human disturbance or prejudice. At this time the data provider believes that full disclosure to the public would lead to environmental harm.","","1"
"dr671","National Mammal Atlas Project, online recording","doi:10.15468/i2eosa","National Mammal Atlas Project, online recording ([year of download])","Creative Commons, with Attribution, Non-commercial v4.0 (CC-BY-NC) CC BY
      		Creative Commons Attribution Non-Commercial","For more information:  https://registry.nbnatlas.org/public/show/dr671","","","","29"
"dr1646","SNH Bat Casework Recording log 2016","","Records provided by SNH Bat Casework Recording log 2016, accessed through NBN Atlas website.","Open Government Licence (OGL)","For more information:  https://registry.nbnatlas.org/public/show/dr1646","The records in this dataset date from 2016. All records have a full date (YYYY-MM-DD). Some roosts may have been visited on more than one occasion during the year; in these cases, a date range of first and last visits is given.","Due to risk of disturbance at potential roosts/hibernacula, and to avoid identifying individual private dwellings, locations are restricted to 1 km2 resolution for public release. This sensitive information may be made available under licence to specific organisations and individuals that need to know to avoid harm to the environment. House names/numbers identifying private dwellings have been removed from the site names, where given.","","1"
"dr1129","Mayfly (Ephemeroptera) Data for Great Britain for 1906-2017","doi:10.15468/wmigy8","Records provided by Mayfly (Ephemeroptera) Data for Great Britain for 1906-2017, accessed through NBN Atlas website.","Creative Commons, with Attribution, Non-commercial v4.0 (CC-BY-NC) CC-BY-NC","For more information:  email craig.macadam@bradan-aquasurveys.co.uk, or https://registry.nbnatlas.org/public/show/dr1129","","","","1"
"dr957","Roost Count","doi:10.15468/vm4psx","Bat Conservation Trust, National Bat Monitoring Programme Roost Count (2019)","Creative Commons with Attribution 4.0 (CC-BY) CC-BY","For more information:  email pbriggs@bats.org.uk, or https://registry.nbnatlas.org/public/show/dr957","","","","4"
"dr717","Cerambycidae Dataset","doi:10.15468/ghyhr7","Records provided by Cerambycidae Dataset, accessed through NBN Atlas website.","Creative Commons with Attribution 4.0 (CC-BY) CC-BY","For more information:  email brc@ceh.ac.uk, or https://registry.nbnatlas.org/public/show/dr717","","","","1"
"dp29","British Trust for Ornithology","","Records provided by British Trust for Ornithology, accessed through NBN Atlas website.","","For more information:  email info@bto.org, or https://registry.nbnatlas.org/public/show/dp29","","","","48994"
"dr314","RHS lily beetle (Lilioceris lilii) monitoring","doi:10.15468/vxglmj","Royal Horticultural Society","Creative Commons, with Attribution, Non-commercial v4.0 (CC-BY-NC) CC-BY-NC","For more information:  email andrewsalisbury@rhs.org.uk, or https://registry.nbnatlas.org/public/show/dr314","","","","32"
"dr677","Mollusc (non-marine) data for Great Britain and Ireland","doi:10.15468/6dexp9","Mollusc (non-marine) data for Great Britain and Ireland, Conchological Society of Great Britain & Ireland (2019)","Creative Commons, with Attribution, Non-commercial v4.0 (CC-BY-NC) CC-BY-NC","For more information:  email secretary@conchsoc.org, or https://registry.nbnatlas.org/public/show/dr677","","","","23"
"dr710","Isopoda (Interim dataset)","doi:10.15468/kyu8ob","Records provided by Isopoda (Interim dataset), accessed through NBN Atlas website.","Creative Commons, with Attribution, Non-commercial v4.0 (CC-BY-NC) CC-BY-NC","For more information:  email brc@ceh.ac.uk, or https://registry.nbnatlas.org/public/show/dr710","","","","6"
"dr713","Grasshopper and Cricket (Orthoptera) and related species records from Britain and Ireland to 2007","doi:10.15468/nvyurg","Records provided by Grasshopper and Cricket (Orthoptera) and related species records from Britain and Ireland to 2007, accessed through NBN Atlas website.","Creative Commons with Attribution 4.0 (CC-BY) CC-BY","For more information:  email brc@ceh.ac.uk, or https://registry.nbnatlas.org/public/show/dr713","","","","3"
